customer_key,customer_id,customer_name,segment
1,CG-12520,"Claire Gute",CONSUMER
2,DV-13045,"Darrin Van Huff",CORPORATE
3,SO-20335,"Sean O'Donnell",CONSUMER
4,BH-11710,"Brosina Hoffman",CONSUMER
5,AA-10480,"Andrew Allen",CONSUMER
6,IM-15070,"Irene Maddox",CONSUMER
7,HP-14815,"Harold Pawlan","HOME OFFICE"
8,PK-19075,"Pete Kriz",CONSUMER
9,AG-10270,"Alejandro Grove",CONSUMER
10,ZD-21925,"Zuschuss Donatelli",CONSUMER
11,KB-16585,"Ken Black",CORPORATE
12,SF-20065,"Sandra Flanagan",CONSUMER
13,EB-13870,"Emily Burns",CONSUMER
14,EH-13945,"Eric Hoffmann",CONSUMER
15,TB-21520,"Tracy Blumstein",CONSUMER
16,MA-17560,"Matt Abelman","HOME OFFICE"
17,GH-14485,"Gene Hale",CORPORATE
18,SN-20710,"Steve Nguyen","HOME OFFICE"
19,LC-16930,"Linda Cazamias",CORPORATE
20,RA-19885,"Ruben Ausman",CORPORATE
21,ES-14080,"Erin Smith",CORPORATE
22,ON-18715,"Odella Nelson",CORPORATE
23,PO-18865,"Patrick O'Donnell",CONSUMER
24,LH-16900,"Lena Hernandez",CONSUMER
25,DP-13000,"Darren Powers",CONSUMER
26,JM-15265,"Janet Molinari",CORPORATE
27,TB-21055,"Ted Butterfield",CONSUMER
28,KM-16720,"Kunst Miller",CONSUMER
29,PS-18970,"Paul Stevenson","HOME OFFICE"
30,BS-11590,"Brendan Sweed",CORPORATE
31,KD-16270,"Karen Daniels",CONSUMER
32,HM-14980,"Henry MacAllister",CONSUMER
33,JE-15745,"Joel Eaton",CONSUMER
34,KB-16600,"Ken Brennan",CORPORATE
35,SC-20770,"Stewart Carmichael",CORPORATE
36,DN-13690,"Duane Noonan",CONSUMER
37,JC-16105,"Julie Creighton",CORPORATE
38,CS-12400,"Christopher Schild","HOME OFFICE"
39,PG-18895,"Paul Gonzalez",CONSUMER
40,GM-14455,"Gary Mitchum","HOME OFFICE"
41,JS-15685,"Jim Sink",CORPORATE
42,KB-16315,"Karl Braun",CONSUMER
43,RB-19705,"Roger Barcio","HOME OFFICE"
44,PN-18775,"Parhena Norris","HOME OFFICE"
45,KD-16345,"Katherine Ducich",CONSUMER
46,ER-13855,"Elpida Rittenbach",CORPORATE
47,RB-19465,"Rick Bensley","HOME OFFICE"
48,GZ-14470,"Gary Zandusky",CONSUMER
49,LC-16870,"Lena Cacioppo",CONSUMER
50,JM-15250,"Janet Martin",CONSUMER
51,PA-19060,"Pete Armstrong","HOME OFFICE"
52,CV-12805,"Cynthia Voltz",CORPORATE
53,CL-12565,"Clay Ludtke",CONSUMER
54,RC-19960,"Ryan Crowe",CONSUMER
55,DK-13090,"Dave Kipp",CONSUMER
56,GG-14650,"Greg Guthrie",CORPORATE
57,SC-20725,"Steven Cartwright",CONSUMER
58,AD-10180,"Alan Dominguez","HOME OFFICE"
59,PF-19165,"Philip Fox",CONSUMER
60,TS-21610,"Troy Staebel",CONSUMER
61,LS-16975,"Lindsay Shagiari","HOME OFFICE"
62,DW-13585,"Dorothy Wardle",CORPORATE
63,LC-16885,"Lena Creighton",CONSUMER
64,JD-15895,"Jonathan Doherty",CORPORATE
65,SH-19975,"Sally Hughsby",CORPORATE
66,SG-20080,"Sandra Glassco",CONSUMER
67,HA-14920,"Helen Andreada",CONSUMER
68,MG-17680,"Maureen Gastineau","HOME OFFICE"
69,JE-16165,"Justin Ellison",CORPORATE
70,TW-21025,"Tamara Willingham","HOME OFFICE"
71,SP-20650,"Stephanie Phelps",CORPORATE
72,NK-18490,"Neil Knudson","HOME OFFICE"
73,DB-13060,"Dave Brooks",CONSUMER
74,NP-18670,"Nora Paige",CONSUMER
75,TT-21070,"Ted Trevino",CONSUMER
76,EM-13960,"Eric Murdock",CONSUMER
77,RD-19900,"Ruben Dartt",CONSUMER
78,MJ-17740,"Max Jones",CONSUMER
79,BM-11140,"Becky Martin",CONSUMER
80,CS-12130,"Chad Sievert",CONSUMER
81,JB-15400,"Jennifer Braxton",CORPORATE
82,SJ-20500,"Shirley Jackson",CONSUMER
83,JK-15640,"Jim Kriz","HOME OFFICE"
84,DK-13150,"David Kendrick",CORPORATE
85,RM-19675,"Robert Marley","HOME OFFICE"
86,SK-19990,"Sally Knutson",CONSUMER
87,FM-14290,"Frank Merwin","HOME OFFICE"
88,AM-10360,"Alice McCarthy",CORPORATE
89,MP-17470,"Mark Packer","HOME OFFICE"
90,MZ-17515,"Mary Zewe",CORPORATE
91,CB-12025,"Cassandra Brandow",CONSUMER
92,VM-21685,"Valerie Mitchum","HOME OFFICE"
93,FH-14365,"Fred Hopkins",CORPORATE
94,MB-17305,"Maria Bertelson",CONSUMER
95,BS-11755,"Bruce Stewart",CONSUMER
96,LC-17140,"Logan Currie",CONSUMER
97,HK-14890,"Heather Kirkland",CORPORATE
98,LE-16810,"Laurel Elliston",CONSUMER
99,JH-15985,"Joseph Holt",CONSUMER
100,MS-17980,"Michael Stewart",CORPORATE
101,VW-21775,"Victoria Wilson",CORPORATE
102,JH-15910,"Jonathan Howell",CONSUMER
103,JB-15925,"Joni Blumstein",CONSUMER
104,DS-13180,"David Smith",CORPORATE
105,VD-21670,"Valerie Dominguez",CONSUMER
106,EA-14035,"Erin Ashbrook",CORPORATE
107,DB-13120,"David Bremer",CORPORATE
108,KL-16645,"Ken Lonsdale",CONSUMER
109,DW-13480,"Dianna Wilson","HOME OFFICE"
110,LH-17155,"Logan Haushalter",CONSUMER
111,KC-16540,"Kelly Collister",CONSUMER
112,DL-13315,"Delfina Latchford",CONSUMER
113,DR-12880,"Dan Reichenbach",CORPORATE
114,CC-12670,"Craig Carreira",CONSUMER
115,Dl-13600,"Dorris liebe",CORPORATE
116,SB-20290,"Sean Braxton",CORPORATE
117,RC-19825,"Roy Collins",CONSUMER
118,AH-10210,"Alan Hwang",CONSUMER
119,CB-12535,"Claudia Bergmann",CORPORATE
120,CA-12310,"Christine Abelman",CORPORATE
121,KH-16690,"Kristen Hastings",CORPORATE
122,BB-10990,"Barry Blumstein",CORPORATE
123,AG-10495,"Andrew Gjertsen",CORPORATE
124,JO-15280,"Jas O'Carroll",CONSUMER
125,AH-10195,"Alan Haines",CORPORATE
126,NZ-18565,"Nick Zandusky","HOME OFFICE"
127,KL-16555,"Kelly Lampkin",CORPORATE
128,AS-10225,"Alan Schoenberger",CORPORATE
129,CR-12625,"Corey Roper","HOME OFFICE"
130,SH-20395,"Shahid Hopkins",CONSUMER
131,BP-11185,"Ben Peterman",CORPORATE
132,TS-21205,"Thomas Seio",CORPORATE
133,AG-10525,"Andy Gerbode",CORPORATE
134,SP-20860,"Sung Pak",CORPORATE
135,NM-18445,"Nathan Mautz","HOME OFFICE"
136,FA-14230,"Frank Atkinson",CORPORATE
137,GK-14620,"Grace Kelly",CORPORATE
138,DJ-13510,"Don Jones",CORPORATE
139,PO-18850,"Patrick O'Brill",CONSUMER
140,JL-15850,"John Lucas",CONSUMER
141,DB-13615,"Doug Bickford",CONSUMER
142,AC-10420,"Alyssa Crouse",CORPORATE
143,CC-12550,"Clay Cheatham",CONSUMER
144,TD-20995,"Tamara Dahlen",CONSUMER
145,AB-10060,"Adam Bellavance","HOME OFFICE"
146,JL-15505,"Jeremy Lonsdale",CONSUMER
147,VB-21745,"Victoria Brennan",CORPORATE
148,KW-16435,"Katrina Willman",CONSUMER
149,JD-16060,"Julia Dunbar",CONSUMER
150,MK-17905,"Michael Kennedy",CORPORATE
151,GT-14755,"Guy Thornton",CONSUMER
152,AG-10900,"Arthur Gainer",CONSUMER
153,MM-18280,"Muhammed MacIntyre",CORPORATE
154,AR-10405,"Allen Rosenblatt",CORPORATE
155,RA-19915,"Russell Applegate",CONSUMER
156,AS-10285,"Alejandro Savely",CORPORATE
157,LA-16780,"Laura Armstrong",CORPORATE
158,DO-13435,"Denny Ordway",CONSUMER
159,DK-13225,"Dean Katz",CORPORATE
160,NG-18430,"Nathan Gelder",CONSUMER
161,MV-18190,"Mike Vittorini",CONSUMER
162,JG-15115,"Jack Garza",CONSUMER
163,BP-11095,"Bart Pistole",CORPORATE
164,VP-21730,"Victor Preis","HOME OFFICE"
165,SS-20140,"Saphhira Shifley",CORPORATE
166,AG-10675,"Anna Gayman",CONSUMER
167,LF-17185,"Luke Foster",CONSUMER
168,RF-19840,"Roy Französisch",CONSUMER
169,KH-16510,"Keith Herrera",CONSUMER
170,KC-16675,"Kimberly Carter",CORPORATE
171,CJ-12010,"Caroline Jumper",CONSUMER
172,PB-19150,"Philip Brown",CONSUMER
173,MP-17965,"Michael Paige",CORPORATE
174,NF-18385,"Natalie Fritzler",CONSUMER
175,SD-20485,"Shirley Daniels","HOME OFFICE"
176,KH-16630,"Ken Heidel",CORPORATE
177,RB-19795,"Ross Baird","HOME OFFICE"
178,MK-18160,"Mike Kennedy",CONSUMER
179,PO-19180,"Philisse Overcash","HOME OFFICE"
180,BB-11545,"Brenda Bowman",CORPORATE
181,TB-21595,"Troy Blackwell",CONSUMER
182,RB-19360,"Raymond Buch",CONSUMER
183,EB-13705,"Ed Braxton",CORPORATE
184,SC-20095,"Sanjit Chand",CONSUMER
185,TN-21040,"Tanja Norvell","HOME OFFICE"
186,JS-15940,"Joni Sundaresam","HOME OFFICE"
187,MH-17785,"Maya Herman",CORPORATE
188,JP-15520,"Jeremy Pistek",CONSUMER
189,JE-15475,"Jeremy Ellison",CONSUMER
190,JG-15805,"John Grady",CORPORATE
191,XP-21865,"Xylona Preis",CONSUMER
192,EM-14065,"Erin Mull",CONSUMER
193,MT-18070,"Michelle Tran","HOME OFFICE"
194,SA-20830,"Sue Ann Reed",CONSUMER
195,CW-11905,"Carl Weiss","HOME OFFICE"
196,AJ-10960,"Astrea Jones",CONSUMER
197,SS-20590,"Sonia Sunley",CONSUMER
198,RO-19780,"Rose O'Brian",CONSUMER
199,MD-17350,"Maribeth Dona",CONSUMER
200,MY-17380,"Maribeth Yedwab",CORPORATE
201,CM-12385,"Christopher Martinez",CONSUMER
202,LS-17245,"Lynn Smith",CONSUMER
203,BN-11515,"Bradley Nguyen",CONSUMER
204,DB-13210,"Dean Braden",CONSUMER
205,MC-17605,"Matt Connell",CORPORATE
206,BD-11605,"Brian Dahlen",CONSUMER
207,PH-18790,"Patricia Hirasaki","HOME OFFICE"
208,MG-18145,"Mike Gockenbach",CONSUMER
209,KB-16240,"Karen Bern",CORPORATE
210,JC-15340,"Jasper Cacioppo",CONSUMER
211,RL-19615,"Rob Lucas",CONSUMER
212,AA-10375,"Allen Armold",CONSUMER
213,EP-13915,"Emily Phan",CONSUMER
214,DK-12985,"Darren Koutras",CONSUMER
215,BD-11500,"Bradley Drucker",CONSUMER
216,LM-17065,"Liz MacKendrick",CONSUMER
217,AS-10135,"Adrian Shami","HOME OFFICE"
218,BD-11320,"Bill Donatelli",CONSUMER
219,GT-14710,"Greg Tran",CONSUMER
220,AJ-10945,"Ashley Jarboe",CONSUMER
221,OT-18730,"Olvera Toch",CONSUMER
222,LP-17080,"Liz Pelletier",CONSUMER
223,CA-12775,"Cynthia Arntzen",CONSUMER
224,JF-15490,"Jeremy Farry",CONSUMER
225,FP-14320,"Frank Preis",CONSUMER
226,EB-13840,"Ellis Ballard",CORPORATE
227,JF-15415,"Jennifer Ferguson",CONSUMER
228,SF-20200,"Sarah Foster",CONSUMER
229,TG-21640,"Trudy Glocke",CONSUMER
230,CS-11950,"Carlos Soltero",CONSUMER
231,CC-12145,"Charles Crestani",CONSUMER
232,DV-13465,"Dianna Vittorini",CONSUMER
233,BD-11725,"Bruce Degenhardt",CONSUMER
234,ZC-21910,"Zuschuss Carroll",CONSUMER
235,MS-17830,"Melanie Seite",CONSUMER
236,LR-16915,"Lena Radford",CONSUMER
237,TP-21130,"Theone Pippenger",CONSUMER
238,CK-12205,"Chloris Kastensmidt",CONSUMER
239,AS-10240,"Alan Shonely",CONSUMER
240,AR-10510,"Andrew Roberts",CONSUMER
241,NB-18655,"Nona Balk",CORPORATE
242,GD-14590,"Giulietta Dortch",CORPORATE
243,CK-12595,"Clytie Kelty",CONSUMER
244,NG-18355,"Nat Gilpin",CORPORATE
245,CA-12265,"Christina Anderson",CONSUMER
246,SF-20965,"Sylvia Foulston",CORPORATE
247,MO-17800,"Meg O'Connel","HOME OFFICE"
248,AT-10735,"Annie Thurman",CONSUMER
249,FM-14380,"Fred McMath",CONSUMER
250,DJ-13420,"Denny Joy",CORPORATE
251,ME-17725,"Max Engle",CONSUMER
252,JD-16150,"Justin Deggeller",CORPORATE
253,JL-15835,"John Lee",CONSUMER
254,SC-20305,"Sean Christensen",CONSUMER
255,CC-12430,"Chuck Clark","HOME OFFICE"
256,AR-10825,"Anthony Rawles",CORPORATE
257,SR-20740,"Steven Roelle","HOME OFFICE"
258,CR-12730,"Craig Reiter",CONSUMER
259,EH-14125,"Eugene Hildebrand","HOME OFFICE"
260,SP-20545,"Sibella Parks",CORPORATE
261,TH-21235,"Tiffany House",CORPORATE
262,RP-19390,"Resi Pölking",CONSUMER
263,RB-19570,"Rob Beeghly",CONSUMER
264,CD-11980,"Carol Darley",CONSUMER
265,DJ-13630,"Doug Jacobs",CONSUMER
266,GT-14635,"Grant Thornton",CORPORATE
267,MC-17845,"Michael Chen",CONSUMER
268,RA-19285,"Ralph Arnett",CONSUMER
269,NP-18325,"Naresj Patel",CONSUMER
270,AB-10165,"Alan Barnes",CONSUMER
271,JO-15550,"Jesus Ocampo","HOME OFFICE"
272,JK-15370,"Jay Kimmel",CONSUMER
273,BN-11470,"Brad Norvell",CORPORATE
274,DP-13165,"David Philippe",CONSUMER
275,TH-21550,"Tracy Hopkins","HOME OFFICE"
276,AP-10915,"Arthur Prichep",CONSUMER
277,RS-19765,"Roland Schwarz",CORPORATE
278,SV-20365,"Seth Vernon",CONSUMER
279,CK-12325,"Christine Kargatis","HOME OFFICE"
280,RD-19810,"Ross DeVincentis","HOME OFFICE"
281,MR-17545,"Mathew Reese","HOME OFFICE"
282,SC-20695,"Steve Chapman",CORPORATE
283,JF-15355,"Jay Fein",CONSUMER
284,EG-13900,"Emily Grady",CONSUMER
285,DS-13030,"Darrin Sayre","HOME OFFICE"
286,PO-19195,"Phillina Ober","HOME OFFICE"
287,SS-20875,"Sung Shariari",CONSUMER
288,PB-19105,"Peter Bühler",CONSUMER
289,RF-19735,"Roland Fjeld",CONSUMER
290,YC-21895,"Yoseph Carroll",CORPORATE
291,DC-13285,"Debra Catini",CONSUMER
292,CP-12340,"Christine Phan",CORPORATE
293,BF-11020,"Barry Französisch",CORPORATE
294,LH-17020,"Lisa Hazard",CONSUMER
295,CS-12250,"Chris Selesnick",CORPORATE
296,AJ-10795,"Anthony Johnson",CORPORATE
297,BV-11245,"Benjamin Venier",CORPORATE
298,DL-12865,"Dan Lawera",CONSUMER
299,BM-11785,"Bryan Mills",CONSUMER
300,LT-17110,"Liz Thompson",CONSUMER
301,JK-15730,"Joe Kamberova",CONSUMER
302,ES-14020,"Erica Smith",CONSUMER
303,RH-19495,"Rick Hansen",CONSUMER
304,CD-11920,"Carlos Daly",CONSUMER
305,HW-14935,"Helen Wasserman",CORPORATE
306,MC-18130,"Mike Caudle",CORPORATE
307,GM-14440,"Gary McGarr",CONSUMER
308,PJ-19015,"Pauline Johnson",CONSUMER
309,BW-11110,"Bart Watters",CORPORATE
310,TR-21325,"Toby Ritter",CONSUMER
311,PG-18820,"Patrick Gardner",CONSUMER
312,JL-15175,"James Lanier","HOME OFFICE"
313,BM-11650,"Brian Moss",CORPORATE
314,EM-14095,"Eudokia Martin",CORPORATE
315,AF-10885,"Art Foster",CONSUMER
316,GA-14725,"Guy Armstrong",CONSUMER
317,CK-12760,"Cyma Kinney",CORPORATE
318,DP-13105,"Dave Poirier",CORPORATE
319,BK-11260,"Berenike Kampe",CONSUMER
320,SJ-20125,"Sanjit Jacobs","HOME OFFICE"
321,CM-12445,"Chuck Magee",CONSUMER
322,AJ-10780,"Anthony Jacobs",CORPORATE
323,LS-16945,"Linda Southworth",CORPORATE
324,GP-14740,"Guy Phonely",CORPORATE
325,PK-18910,"Paul Knutson","HOME OFFICE"
326,SM-20005,"Sally Matthias",CONSUMER
327,AG-10765,"Anthony Garverick","HOME OFFICE"
328,PM-19135,"Peter McVee","HOME OFFICE"
329,LL-16840,"Lauren Leatherbury",CONSUMER
330,JS-15595,"Jill Stevenson",CORPORATE
331,EL-13735,"Ed Ludwig","HOME OFFICE"
332,PC-18745,"Pamela Coakley",CORPORATE
333,HL-15040,"Hunter Lopez",CONSUMER
334,MS-17365,"Maribeth Schnelling",CONSUMER
335,GB-14530,"George Bell",CORPORATE
336,JR-16210,"Justin Ritter",CORPORATE
337,BE-11335,"Bill Eplett","HOME OFFICE"
338,SC-20050,"Sample Company A","HOME OFFICE"
339,RW-19630,"Rob Williams",CORPORATE
340,SE-20110,"Sanjit Engle",CONSUMER
341,AH-10075,"Adam Hart",CORPORATE
342,JM-15535,"Jessica Myrick",CONSUMER
343,JJ-15760,"Joel Jenkins","HOME OFFICE"
344,RK-19300,"Ralph Kennedy",CONSUMER
345,CG-12040,"Catherine Glotzbach","HOME OFFICE"
346,RP-19270,"Rachel Payne",CORPORATE
347,KC-16255,"Karen Carlisle",CORPORATE
348,KH-16360,"Katherine Hughes",CONSUMER
349,GH-14665,"Greg Hansen",CONSUMER
350,SW-20275,"Scott Williamson",CONSUMER
351,JA-15970,"Joseph Airdo",CONSUMER
352,DL-12925,"Daniel Lacy",CONSUMER
353,LW-16990,"Lindsay Williams",CORPORATE
354,TB-21190,"Thomas Brumley","HOME OFFICE"
355,BS-11800,"Bryan Spruell","HOME OFFICE"
356,RW-19690,"Robert Waldorf",CONSUMER
357,TZ-21580,"Tracy Zic",CONSUMER
358,AS-10630,"Ann Steele","HOME OFFICE"
359,TS-21340,"Toby Swindell",CONSUMER
360,SL-20155,"Sara Luxemburg","HOME OFFICE"
361,MW-18235,"Mitch Willingham",CORPORATE
362,RD-19585,"Rob Dowd",CONSUMER
363,RA-19945,"Ryan Akin",CONSUMER
364,MT-17815,"Meg Tillman",CONSUMER
365,VG-21790,"Vivek Gonzalez",CONSUMER
366,JS-15880,"John Stevenson",CONSUMER
367,KM-16225,"Kalyca Meade",CORPORATE
368,HR-14770,"Hallie Redmond","HOME OFFICE"
369,DE-13255,"Deanra Eno","HOME OFFICE"
370,AG-10390,"Allen Goldenen",CONSUMER
371,JJ-15445,"Jennifer Jackson",CONSUMER
372,JH-15430,"Jennifer Halladay",CONSUMER
373,RD-19660,"Robert Dilbeck","HOME OFFICE"
374,MO-17500,"Mary O'Rourke",CONSUMER
375,NS-18640,"Noel Staavos",CORPORATE
376,DG-13300,"Deirdre Greer",CORPORATE
377,NF-18595,"Nicole Fjeld","HOME OFFICE"
378,MG-17650,"Matthew Grinstein","HOME OFFICE"
379,TS-21160,"Theresa Swint",CORPORATE
380,BD-11620,"Brian DeCherney",CONSUMER
381,CM-12160,"Charles McCrossin",CONSUMER
382,SN-20560,"Skye Norling","HOME OFFICE"
383,EH-14005,"Erica Hernandez","HOME OFFICE"
384,FO-14305,"Frank Olsen",CONSUMER
385,MS-17710,"Maurice Satty",CONSUMER
386,CC-12100,"Chad Cunningham","HOME OFFICE"
387,DW-13540,"Don Weiss",CONSUMER
388,BT-11395,"Bill Tyler",CORPORATE
389,CY-12745,"Craig Yedwab",CORPORATE
390,BT-11485,"Brad Thomas","HOME OFFICE"
391,PS-19045,"Penelope Sewall","HOME OFFICE"
392,PV-18985,"Paul Van Hugh","HOME OFFICE"
393,NM-18520,"Neoma Murray",CONSUMER
394,DL-13495,"Dionis Lloyd",CORPORATE
395,CS-12355,"Christine Sundaresam",CONSUMER
396,FH-14275,"Frank Hawley",CORPORATE
397,NC-18340,"Nat Carroll",CONSUMER
398,AA-10315,"Alex Avila",CONSUMER
399,LT-16765,"Larry Tron",CONSUMER
400,AP-10720,"Anne Pryor","HOME OFFICE"
401,PM-18940,"Paul MacIntyre",CONSUMER
402,AT-10435,"Alyssa Tate","HOME OFFICE"
403,CA-12055,"Cathy Armstrong","HOME OFFICE"
404,HR-14830,"Harold Ryan",CORPORATE
405,BT-11530,"Bradley Talbott","HOME OFFICE"
406,LH-16750,"Larry Hughes",CONSUMER
407,SW-20755,"Steven Ward",CORPORATE
408,SP-20620,"Stefania Perrino",CORPORATE
409,BF-11170,"Ben Ferrer","HOME OFFICE"
410,KT-16480,"Kean Thornton",CONSUMER
411,BG-11695,"Brooke Gillingham",CORPORATE
412,GM-14680,"Greg Matthias",CONSUMER
413,EJ-14155,"Eva Jacobs",CONSUMER
414,NP-18700,"Nora Preis",CONSUMER
415,MH-18115,"Mick Hernandez","HOME OFFICE"
416,JR-15700,"Jocasta Rupert",CONSUMER
417,SM-20950,"Suzanne McNair",CORPORATE
418,CC-12220,"Chris Cortes",CONSUMER
419,PF-19225,"Phillip Flathmann",CONSUMER
420,DC-12850,"Dan Campbell",CONSUMER
421,BD-11770,"Bryan Davis",CONSUMER
422,GM-14500,"Gene McClure",CONSUMER
423,TB-21355,"Todd Boyes",CORPORATE
424,JH-16180,"Justin Hirsh",CONSUMER
425,EB-13975,"Erica Bern",CORPORATE
426,QJ-19255,"Quincy Jones",CORPORATE
427,TC-21535,"Tracy Collins","HOME OFFICE"
428,CS-12460,"Chuck Sachs",CONSUMER
429,HG-14965,"Henry Goldwyn",CORPORATE
430,LW-16825,"Laurel Workman",CORPORATE
431,MC-17575,"Matt Collins",CONSUMER
432,LP-17095,"Liz Preis",CONSUMER
433,EB-14170,"Evan Bailliet",CONSUMER
434,GZ-14545,"George Zrebassa",CORPORATE
435,CP-12085,"Cathy Prescott",CORPORATE
436,FG-14260,"Frank Gastineau","HOME OFFICE"
437,LD-17005,"Lisa DeCherney",CONSUMER
438,AB-10255,"Alejandro Ballentine","HOME OFFICE"
439,MN-17935,"Michael Nguyen",CONSUMER
440,JR-15670,"Jim Radford",CONSUMER
441,JF-15190,"Jamie Frazer",CONSUMER
442,CM-12115,"Chad McGuire",CONSUMER
443,AS-10045,"Aaron Smayling",CORPORATE
444,BP-11290,"Beth Paige",CONSUMER
445,ND-18370,"Natalie DeCherney",CONSUMER
446,LB-16735,"Larry Blacks",CONSUMER
447,KT-16465,"Kean Takahito",CONSUMER
448,HM-14860,"Harry Marie",CORPORATE
449,AB-10600,"Ann Blume",CORPORATE
450,SZ-20035,"Sam Zeldin","HOME OFFICE"
451,MG-17890,"Michael Granlund","HOME OFFICE"
452,JK-16120,"Julie Kriz","HOME OFFICE"
453,PP-18955,"Paul Prost","HOME OFFICE"
454,YS-21880,"Yana Sorensen",CORPORATE
455,KM-16375,"Katherine Murray","HOME OFFICE"
456,AB-10105,"Adrian Barton",CONSUMER
457,HA-14905,"Helen Abelman",CONSUMER
458,BT-11305,"Beth Thompson","HOME OFFICE"
459,SV-20815,"Stuart Van",CORPORATE
460,RW-19540,"Rick Wilson",CORPORATE
461,DK-12835,"Damala Kotsonis",CORPORATE
462,ST-20530,"Shui Tom",CONSUMER
463,MM-17920,"Michael Moore",CONSUMER
464,PW-19030,"Pauline Webber",CORPORATE
465,SC-20440,"Shaun Chance",CORPORATE
466,TS-21085,"Thais Sissman",CONSUMER
467,MC-17425,"Mark Cousins",CORPORATE
468,ME-17320,"Maria Etezadi","HOME OFFICE"
469,NH-18610,"Nicole Hansen",CORPORATE
470,MB-18085,"Mick Brown",CONSUMER
471,KD-16495,"Keith Dawkins",CORPORATE
472,KN-16390,"Katherine Nockton",CORPORATE
473,NP-18685,"Nora Pelletier","HOME OFFICE"
474,CS-12505,"Cindy Stewart",CONSUMER
475,MS-17770,"Maxwell Schwartz",CONSUMER
476,CM-12655,"Corinna Mitchell","HOME OFFICE"
477,Co-12640,Corey-Lock,CONSUMER
478,TS-21370,"Todd Sumrall",CORPORATE
479,JW-15220,"Jane Waco",CORPORATE
480,JD-15790,"John Dryer",CONSUMER
481,PC-19000,"Pauline Chand","HOME OFFICE"
482,AR-10540,"Andy Reiter",CONSUMER
483,AI-10855,"Arianne Irving",CONSUMER
484,TB-21400,"Tom Boeckenhauer",CONSUMER
485,PL-18925,"Paul Lucas","HOME OFFICE"
486,GH-14425,"Gary Hwang",CONSUMER
487,MP-18175,"Mike Pelletier","HOME OFFICE"
488,JM-15655,"Jim Mitchum",CORPORATE
489,CL-11890,"Carl Ludwig",CONSUMER
490,DB-13270,"Deborah Brumfield","HOME OFFICE"
491,IG-15085,"Ivan Gibson",CONSUMER
492,BO-11425,"Bobby Odegard",CONSUMER
493,AB-10150,"Aimee Bixby",CONSUMER
494,JW-16075,"Julia West",CONSUMER
495,EB-13750,"Edward Becker",CORPORATE
496,SG-20470,"Sheri Gordon",CONSUMER
497,CM-12190,"Charlotte Melton",CONSUMER
498,AW-10840,"Anthony Witt",CONSUMER
499,MC-18100,"Mick Crebagga",CONSUMER
500,TT-21460,"Tonja Turnell","HOME OFFICE"
501,VG-21805,"Vivek Grady",CORPORATE
502,MY-18295,"Muhammed Yedwab",CORPORATE
503,RD-19480,"Rick Duston",CONSUMER
504,DP-13390,"Dennis Pardue","HOME OFFICE"
505,ML-17395,"Marina Lichtenstein",CORPORATE
506,JC-15385,"Jenna Caffey",CONSUMER
507,JG-15160,"James Galang",CONSUMER
508,MC-17275,"Marc Crier",CONSUMER
509,NW-18400,"Natalie Webber",CONSUMER
510,TB-21280,"Toby Braunhardt",CONSUMER
511,BS-11380,"Bill Stewart",CORPORATE
512,HH-15010,"Hilary Holden",CORPORATE
513,CD-12280,"Christina DeMoss",CONSUMER
514,TH-21100,"Thea Hendricks",CONSUMER
515,MM-18055,"Michelle Moray",CONSUMER
516,NS-18505,"Neola Schneider",CONSUMER
517,RB-19645,"Robert Barroso",CORPORATE
518,SW-20455,"Shaun Weien",CONSUMER
519,EB-13930,"Eric Barreto",CONSUMER
520,PS-18760,"Pamela Stobb",CONSUMER
521,HF-14995,"Herbert Flentye",CONSUMER
522,HZ-14950,"Henia Zydlo",CONSUMER
523,CD-12790,"Cynthia Delaney","HOME OFFICE"
524,JK-15205,"Jamie Kunitz",CONSUMER
525,FM-14215,"Filia McAdams",CORPORATE
526,ED-13885,"Emily Ducich","HOME OFFICE"
527,DA-13450,"Dianna Arnett","HOME OFFICE"
528,JW-15955,"Joni Wasserman",CONSUMER
529,RM-19375,"Raymond Messe",CONSUMER
530,ML-17755,"Max Ludwig","HOME OFFICE"
531,CC-12685,"Craig Carroll",CONSUMER
532,JE-15610,"Jim Epp",CORPORATE
533,RP-19855,"Roy Phan",CORPORATE
534,TB-21175,"Thomas Boland",CORPORATE
535,BE-11455,"Brad Eason","HOME OFFICE"
536,JF-15565,"Jill Fjeld",CONSUMER
537,PB-19210,"Phillip Breyer",CORPORATE
538,BT-11680,"Brian Thompson",CONSUMER
539,JL-15235,"Janet Lee",CONSUMER
540,CH-12070,"Cathy Hwang","HOME OFFICE"
541,ND-18460,"Neil Ducich",CORPORATE
542,BF-10975,"Barbara Fisher",CORPORATE
543,KH-16330,"Katharine Harms",CORPORATE
544,GW-14605,"Giulietta Weimer",CONSUMER
545,NC-18625,"Noah Childs",CORPORATE
546,ME-18010,"Michelle Ellison",CORPORATE
547,BP-11230,"Benjamin Patterson",CONSUMER
548,JC-15775,"John Castell",CONSUMER
549,AS-10090,"Adam Shillingsburg",CONSUMER
550,AC-10450,"Amy Cox",CONSUMER
551,MD-17860,"Michael Dominguez",CORPORATE
552,DB-13660,"Duane Benoit",CONSUMER
553,EH-13990,"Erica Hackney",CONSUMER
554,EH-13765,"Edward Hooks",CORPORATE
555,SC-20230,"Scot Coram",CORPORATE
556,JE-15715,"Joe Elijah",CONSUMER
557,AC-10615,"Ann Chong",CORPORATE
558,JD-16015,"Joy Daniels",CONSUMER
559,CB-12415,"Christy Brittain",CONSUMER
560,JS-16030,"Joy Smith",CONSUMER
561,LW-17215,"Luke Weiss",CONSUMER
562,SC-20800,"Stuart Calhoun",CONSUMER
563,AM-10705,"Anne McFarland",CONSUMER
564,RH-19510,"Rick Huthwaite","HOME OFFICE"
565,CT-11995,"Carol Triggs",CONSUMER
566,MC-17590,"Matt Collister",CORPORATE
567,CC-12610,"Corey Catlett",CORPORATE
568,KA-16525,"Kelly Andreada",CONSUMER
569,TC-20980,"Tamara Chand",CORPORATE
570,BF-11080,"Bart Folk",CONSUMER
571,MM-17260,"Magdelene Morse",CONSUMER
572,AH-10120,"Adrian Hane","HOME OFFICE"
573,BW-11200,"Ben Wallace",CONSUMER
574,SW-20245,"Scot Wooten",CONSUMER
575,BS-11665,"Brian Stugart",CONSUMER
576,RF-19345,"Randy Ferguson",CORPORATE
577,WB-21850,"William Brown",CONSUMER
578,TB-21625,"Trudy Brown",CONSUMER
579,AF-10870,"Art Ferguson",CONSUMER
580,RB-19435,"Richard Bierner",CONSUMER
581,KF-16285,"Karen Ferguson","HOME OFFICE"
582,JH-15820,"John Huston",CONSUMER
583,IL-15100,"Ivan Liston",CONSUMER
584,PB-18805,"Patrick Bzostek","HOME OFFICE"
585,RH-19600,"Rob Haberlin",CONSUMER
586,AW-10930,"Arthur Wiediger","HOME OFFICE"
587,ML-17410,"Maris LaWare",CONSUMER
588,DB-13555,"Dorothy Badders",CORPORATE
589,MH-17620,"Matt Hagelstein",CORPORATE
590,DK-13375,"Dennis Kane",CONSUMER
591,BT-11440,"Bobby Trafton",CONSUMER
592,DB-13405,"Denny Blanton",CONSUMER
593,TG-21310,"Toby Gnade",CONSUMER
594,BF-11005,"Barry Franz","HOME OFFICE"
595,JM-16195,"Justin MacKendrick",CONSUMER
596,MZ-17335,"Maria Zettner","HOME OFFICE"
597,MW-18220,"Mitch Webber",CONSUMER
598,MV-17485,"Mark Van Huff",CONSUMER
599,SM-20320,"Sean Miller","HOME OFFICE"
600,TP-21415,"Tom Prescott",CONSUMER
601,JK-15625,"Jim Karlsson",CONSUMER
602,PJ-18835,"Patrick Jones",CORPORATE
603,RS-19420,"Ricardo Sperren",CORPORATE
604,SV-20935,"Susan Vittorini",CONSUMER
605,BC-11125,"Becky Castell","HOME OFFICE"
606,EM-13825,"Elizabeth Moffitt",CORPORATE
607,BM-11575,"Brendan Murry",CORPORATE
608,KN-16705,"Kristina Nunn","HOME OFFICE"
609,KW-16570,"Kelly Williams",CONSUMER
610,SC-20260,"Scott Cohen",CORPORATE
611,CV-12295,"Christina VanderZanden",CONSUMER
612,SG-20605,"Speros Goranitis",CONSUMER
613,TM-21010,"Tamara Manning",CONSUMER
614,EM-13810,"Eleni McCrary",CORPORATE
615,ML-18040,"Michelle Lonsdale",CORPORATE
616,CR-12580,"Clay Rozendal","HOME OFFICE"
617,AZ-10750,"Annie Zypern",CONSUMER
618,PW-19240,"Pierre Wener",CONSUMER
619,SC-20380,"Shahid Collister",CONSUMER
620,CM-11935,"Carlos Meador",CONSUMER
621,GM-14695,"Greg Maxwell",CORPORATE
622,TB-21250,"Tim Brockman",CONSUMER
623,JM-15865,"John Murray",CONSUMER
624,SC-20575,"Sonia Cooley",CONSUMER
625,LS-17200,"Luke Schmidt",CORPORATE
626,RR-19315,"Ralph Ritter",CONSUMER
627,DB-12910,"Daniel Byrd","HOME OFFICE"
628,TT-21220,"Thomas Thornton",CONSUMER
629,LO-17170,"Lori Olson",CORPORATE
630,KD-16615,"Ken Dana",CORPORATE
631,NB-18580,"Nicole Brennan",CORPORATE
632,BD-11635,"Brian Derr",CONSUMER
633,CM-12235,"Chris McAfee",CONSUMER
634,EN-13780,"Edward Nazzal",CONSUMER
635,KN-16450,"Kean Nguyen",CORPORATE
636,BO-11350,"Bill Overfelt",CORPORATE
637,AG-10300,"Aleksandra Gannaway",CORPORATE
638,MC-17635,"Matthew Clasen",CORPORATE
639,TA-21385,"Tom Ashbrook","HOME OFFICE"
640,JF-15295,"Jason Fortune-",CONSUMER
641,TT-21265,"Tim Taslimi",CORPORATE
642,SB-20170,"Sarah Bern",CONSUMER
643,CL-12700,"Craig Leslie","HOME OFFICE"
644,HG-15025,"Hunter Glantz",CONSUMER
645,NL-18310,"Nancy Lomonaco","HOME OFFICE"
646,RR-19525,"Rick Reed",CORPORATE
647,TC-21295,"Toby Carlisle",CONSUMER
648,SV-20785,"Stewart Visinsky",CONSUMER
649,BE-11410,"Bobby Elias",CONSUMER
650,SC-20680,"Steve Carroll","HOME OFFICE"
651,DF-13135,"David Flashing",CONSUMER
652,FH-14350,"Fred Harton",CONSUMER
653,MS-17530,"MaryBeth Skach",CONSUMER
654,RH-19555,"Ritsa Hightower",CONSUMER
655,GA-14515,"George Ashbrook",CONSUMER
656,JP-16135,"Julie Prescott","HOME OFFICE"
657,Dp-13240,"Dean percer","HOME OFFICE"
658,MO-17950,"Michael Oakman",CONSUMER
659,DL-13330,"Denise Leinenbach",CONSUMER
660,MH-18025,"Michelle Huthwaite",CONSUMER
661,DR-12940,"Daniel Raglin","HOME OFFICE"
662,DM-13015,"Darrin Martin",CONSUMER
663,CA-11965,"Carol Adams",CORPORATE
664,AC-10660,"Anna Chung",CONSUMER
665,DM-13345,"Denise Monton",CORPORATE
666,VF-21715,"Vicky Freymann","HOME OFFICE"
667,CC-12370,"Christopher Conant",CONSUMER
668,BF-11275,"Beth Fritzler",CORPORATE
669,HG-14845,"Harry Greene",CONSUMER
670,BP-11155,"Becky Pak",CONSUMER
671,EM-14140,"Eugene Moren","HOME OFFICE"
672,MA-17995,"Michelle Arnett","HOME OFFICE"
673,AY-10555,"Andy Yotov",CORPORATE
674,GB-14575,"Giulietta Baptist",CONSUMER
675,JB-16045,"Julia Barnett","HOME OFFICE"
676,MG-17875,"Michael Grace","HOME OFFICE"
677,SR-20425,"Sharelle Roach","HOME OFFICE"
678,JB-16000,"Joy Bell-",CONSUMER
679,DM-12955,"Dario Medina",CORPORATE
680,TC-21475,"Tony Chapman","HOME OFFICE"
681,SW-20350,"Sean Wendt","HOME OFFICE"
682,RE-19450,"Richard Eichhorn",CONSUMER
683,BF-11215,"Benjamin Farhat","HOME OFFICE"
684,KB-16405,"Katrina Bavinger","HOME OFFICE"
685,JG-15310,"Jason Gross",CORPORATE
686,EC-14050,"Erin Creighton",CONSUMER
687,EB-14110,"Eugene Barchas",CONSUMER
688,JP-15460,"Jennifer Patt",CORPORATE
689,CS-11845,"Cari Sayre",CORPORATE
690,GH-14410,"Gary Hansen","HOME OFFICE"
691,PT-19090,"Pete Takahito",CONSUMER
692,JL-15130,"Jack Lebron",CONSUMER
693,AH-10030,"Aaron Hawkins",CORPORATE
694,CC-12475,"Cindy Chapman",CONSUMER
695,DW-13195,"David Wiener",CORPORATE
696,SJ-20215,"Sarah Jordon",CONSUMER
697,BG-11740,"Bruce Geld",CONSUMER
698,LB-16795,"Laurel Beltran","HOME OFFICE"
699,CM-11815,"Candace McMahon",CORPORATE
700,EH-14185,"Evan Henry",CONSUMER
701,TS-21505,"Tony Sayre",CONSUMER
702,PR-18880,"Patrick Ryan",CONSUMER
703,LC-17050,"Liz Carlisle",CONSUMER
704,CS-12490,"Cindy Schnelling",CORPORATE
705,DH-13075,"Dave Hallsten",CORPORATE
706,JO-15145,"Jack O'Briant",CORPORATE
707,AH-10690,"Anna Häberlin",CORPORATE
708,HJ-14875,"Heather Jas","HOME OFFICE"
709,MH-17455,"Mark Hamilton",CONSUMER
710,RD-19930,"Russell D'Ascenzo",CONSUMER
711,SC-20020,"Sam Craven",CONSUMER
712,SU-20665,"Stephanie Ulpright","HOME OFFICE"
713,FC-14335,"Fred Chung",CORPORATE
714,RB-19330,"Randy Bradley",CONSUMER
715,NC-18535,"Nick Crebassa",CORPORATE
716,DB-12970,"Darren Budd",CORPORATE
717,MF-17665,"Maureen Fritzler",CORPORATE
718,RM-19750,"Roland Murray",CONSUMER
719,VM-21835,"Vivian Mathis",CONSUMER
720,EJ-13720,"Ed Jacobs",CONSUMER
721,NC-18415,"Nathan Cano",CONSUMER
722,LS-17230,"Lycoris Saunders",CONSUMER
723,KE-16420,"Katrina Edelman",CORPORATE
724,DH-13675,"Duane Huffman","HOME OFFICE"
725,PF-19120,"Peter Fuller",CONSUMER
726,VT-21700,"Valerie Takahito","HOME OFFICE"
727,MG-17695,"Maureen Gnade",CONSUMER
728,SP-20920,"Susan Pistek",CONSUMER
729,CS-12175,"Charles Sheldon",CORPORATE
730,DK-12895,"Dana Kaydos",CONSUMER
731,KM-16660,"Khloe Miller",CONSUMER
732,AA-10645,"Anna Andreadi",CONSUMER
733,DD-13570,"Dorothy Dickinson",CONSUMER
734,AH-10465,"Amy Hunt",CONSUMER
735,TP-21565,"Tracy Poddar",CORPORATE
736,EK-13795,"Eileen Kiefer","HOME OFFICE"
737,CR-12820,"Cyra Reiten","HOME OFFICE"
738,SG-20890,"Susan Gilcrest",CORPORATE
739,AH-10585,"Angele Hood",CONSUMER
740,NF-18475,"Neil Französisch","HOME OFFICE"
741,BS-11365,"Bill Shonely",CORPORATE
742,SH-20635,"Stefanie Holloman",CORPORATE
743,RD-19720,"Roger Demir",CONSUMER
744,AG-10330,"Alex Grayson",CONSUMER
745,GR-14560,"Georgia Rosenberg",CORPORATE
746,VS-21820,"Vivek Sundaresam",CONSUMER
747,TM-21490,"Tony Molinari",CONSUMER
748,TS-21430,"Tom Stivers",CORPORATE
749,DB-13360,"Dennis Bolton","HOME OFFICE"
750,NR-18550,"Nick Radford",CONSUMER
751,CS-11860,"Cari Schnelling",CONSUMER
752,MF-18250,"Monica Federle",CORPORATE
753,LW-17125,"Liz Willingham",CONSUMER
754,AR-10345,"Alex Russell",CORPORATE
755,KS-16300,"Karen Seio",CORPORATE
756,AB-10015,"Aaron Bergman",CONSUMER
757,LR-17035,"Lisa Ryan",CORPORATE
758,SS-20410,"Shahid Shariari",CONSUMER
759,JM-15580,"Jill Matthias",CONSUMER
760,JK-15325,"Jason Klamczynski",CORPORATE
761,DM-13525,"Don Miller",CORPORATE
762,ML-18265,"Muhammed Lee",CONSUMER
763,MH-17290,"Marc Harrigan","HOME OFFICE"
764,FC-14245,"Frank Carlisle","HOME OFFICE"
765,TH-21115,"Thea Hudgings",CORPORATE
766,JK-16090,"Juliana Krohn",CONSUMER
767,SB-20185,"Sarah Brown",CONSUMER
768,BG-11035,"Barry Gonzalez",CONSUMER
769,BW-11065,"Barry Weirich",CONSUMER
770,MG-18205,"Mitch Gastineau",CORPORATE
771,DO-13645,"Doug O'Connell",CONSUMER
772,BP-11050,"Barry Pond",CORPORATE
773,TS-21655,"Trudy Schmidt",CONSUMER
774,EM-14200,"Evan Minnotte","HOME OFFICE"
775,AO-10810,"Anthony O'Donnell",CORPORATE
776,MH-17440,"Mark Haberlin",CORPORATE
777,SS-20515,"Shirley Schmidt","HOME OFFICE"
778,LD-16855,"Lela Donovan",CORPORATE
779,VP-21760,"Victoria Pisteka",CORPORATE
780,TC-21145,"Theresa Coyne",CORPORATE
781,IM-15055,"Ionia McGrath",CONSUMER
782,AR-10570,"Anemone Ratner",CONSUMER
783,CM-12715,"Craig Molinari",CORPORATE
784,FW-14395,"Fred Wasserman",CORPORATE
785,LC-16960,"Lindsay Castell","HOME OFFICE"
786,HE-14800,"Harold Engle",CORPORATE
787,BD-11560,"Brendan Dodson","HOME OFFICE"
788,HD-14785,"Harold Dahlen","HOME OFFICE"
789,CJ-11875,"Carl Jackson",CORPORATE
790,RS-19870,"Roy Skaria","HOME OFFICE"
791,SC-20845,"Sung Chung",CONSUMER
792,RE-19405,"Ricardo Emerson",CONSUMER
793,SM-20905,"Susan MacKendrick",CONSUMER
